Workbook

Sheet Results
A1: Task 3 - Experimental results
A3: Environment and parameters
A4: Item | D4: Value
A5: Java | D5: 1.8.0_452 (OpenJDK 64-Bit Server VM)
A6: OS | D6: Linux amd64
A7: Logical CPU cores available | D7: 8
A8: Bidding iterations per thread (constant for all locks) | D8: 1000
A9: Measured runs per (lock, threads) | D9: 5 (+1 discarded warm-up)
A11: Table 1 - Total execution time
A12: Mean +- sample standard deviation over 5 runs, in milliseconds.
A13: Threads | B13: TTAS (ms) | C13: CLH (ms) | D13: MCS (ms)
A14: 2 | B14: 1.39 ± 0.77 | C14: 2.77 ± 2.11 | D14: 2.13 ± 1.65
A15: 4 | B15: 1.09 ± 0.35 | C15: 2.13 ± 1.04 | D15: 1.25 ± 0.41
A16: 8 | B16: 2.02 ± 0.27 | C16: 10.69 ± 15.18 | D16: 229.96 ± 509.71
A17: 16 | B17: 8.10 ± 4.64 | C17: 10474.26 ± 11407.16 | D17: 174.74 ± 377.08
A19: Table 1b - Time per bid (total time / total bids)
A20: Each thread does the same number of iterations, so total work grows with threads; this normalised value isolates the cost of contention.
A21: Threads | B21: TTAS (us/bid) | C21: CLH (us/bid) | D21: MCS (us/bid)
A22: 2 | B22: =AVERAGEIFS('Raw Data'!$E$2:$E$61,'Raw Data'!$A$2:$A$61,"TTAS",'Raw Data'!$B$2:$B$61,$A22)/AVERAGEIFS('Raw Data'!$F$2:$F$61,'Raw Data'!$A$2:$A$61,"TTAS",'Raw Data'!$B$2:$B$61,$A22)/1000 -> 0.6952785 | C22: =AVERAGEIFS('Raw Data'!$E$2:$E$61,'Raw Data'!$A$2:$A$61,"CLH",'Raw Data'!$B$2:$B$61,$A22)/AVERAGEIFS('Raw Data'!$F$2:$F$61,'Raw Data'!$A$2:$A$61,"CLH",'Raw Data'!$B$2:$B$61,$A22)/1000 -> 1.3846682 | D22: =AVERAGEIFS('Raw Data'!$E$2:$E$61,'Raw Data'!$A$2:$A$61,"MCS",'Raw Data'!$B$2:$B$61,$A22)/AVERAGEIFS('Raw Data'!$F$2:$F$61,'Raw Data'!$A$2:$A$61,"MCS",'Raw Data'!$B$2:$B$61,$A22)/1000 -> 1.0667918
A23: 4 | B23: =AVERAGEIFS('Raw Data'!$E$2:$E$61,'Raw Data'!$A$2:$A$61,"TTAS",'Raw Data'!$B$2:$B$61,$A23)/AVERAGEIFS('Raw Data'!$F$2:$F$61,'Raw Data'!$A$2:$A$61,"TTAS",'Raw Data'!$B$2:$B$61,$A23)/1000 -> 0.2731348 | C23: =AVERAGEIFS('Raw Data'!$E$2:$E$61,'Raw Data'!$A$2:$A$61,"CLH",'Raw Data'!$B$2:$B$61,$A23)/AVERAGEIFS('Raw Data'!$F$2:$F$61,'Raw Data'!$A$2:$A$61,"CLH",'Raw Data'!$B$2:$B$61,$A23)/1000 -> 0.5336074 | D23: =AVERAGEIFS('Raw Data'!$E$2:$E$61,'Raw Data'!$A$2:$A$61,"MCS",'Raw Data'!$B$2:$B$61,$A23)/AVERAGEIFS('Raw Data'!$F$2:$F$61,'Raw Data'!$A$2:$A$61,"MCS",'Raw Data'!$B$2:$B$61,$A23)/1000 -> 0.3120181
A24: 8 | B24: =AVERAGEIFS('Raw Data'!$E$2:$E$61,'Raw Data'!$A$2:$A$61,"TTAS",'Raw Data'!$B$2:$B$61,$A24)/AVERAGEIFS('Raw Data'!$F$2:$F$61,'Raw Data'!$A$2:$A$61,"TTAS",'Raw Data'!$B$2:$B$61,$A24)/1000 -> 0.25274195 | C24: =AVERAGEIFS('Raw Data'!$E$2:$E$61,'Raw Data'!$A$2:$A$61,"CLH",'Raw Data'!$B$2:$B$61,$A24)/AVERAGEIFS('Raw Data'!$F$2:$F$61,'Raw Data'!$A$2:$A$61,"CLH",'Raw Data'!$B$2:$B$61,$A24)/1000 -> 1.3365278 | D24: =AVERAGEIFS('Raw Data'!$E$2:$E$61,'Raw Data'!$A$2:$A$61,"MCS",'Raw Data'!$B$2:$B$61,$A24)/AVERAGEIFS('Raw Data'!$F$2:$F$61,'Raw Data'!$A$2:$A$61,"MCS",'Raw Data'!$B$2:$B$61,$A24)/1000 -> 28.74534
A25: 16 | B25: =AVERAGEIFS('Raw Data'!$E$2:$E$61,'Raw Data'!$A$2:$A$61,"TTAS",'Raw Data'!$B$2:$B$61,$A25)/AVERAGEIFS('Raw Data'!$F$2:$F$61,'Raw Data'!$A$2:$A$61,"TTAS",'Raw Data'!$B$2:$B$61,$A25)/1000 -> 0.50618385 | C25: =AVERAGEIFS('Raw Data'!$E$2:$E$61,'Raw Data'!$A$2:$A$61,"CLH",'Raw Data'!$B$2:$B$61,$A25)/AVERAGEIFS('Raw Data'!$F$2:$F$61,'Raw Data'!$A$2:$A$61,"CLH",'Raw Data'!$B$2:$B$61,$A25)/1000 -> 654.64108 | D25: =AVERAGEIFS('Raw Data'!$E$2:$E$61,'Raw Data'!$A$2:$A$61,"MCS",'Raw Data'!$B$2:$B$61,$A25)/AVERAGEIFS('Raw Data'!$F$2:$F$61,'Raw Data'!$A$2:$A$61,"MCS",'Raw Data'!$B$2:$B$61,$A25)/1000 -> 10.921497
A27: Table 2 - Workload verification (total bids and final highest bid)
A28: Every bid is exactly 1.0 above the previous highest, so with correct mutual exclusion final highest bid = total bids = threads x iterations.
A29: Threads | B29: Lock | C29: Expected bids | D29: Total bids (mean) | E29: Final highest bid (mean) | F29: Correct runs
A30: 2 | B30: TTAS | C30: =A30*MAX('Raw Data'!$D$2:$D$61) -> 2000 | D30: =AVERAGEIFS('Raw Data'!$F$2:$F$61,'Raw Data'!$A$2:$A$61,$B30,'Raw Data'!$B$2:$B$61,$A30) -> 2000 | E30: =AVERAGEIFS('Raw Data'!$G$2:$G$61,'Raw Data'!$A$2:$A$61,$B30,'Raw Data'!$B$2:$B$61,$A30) -> 2000 | F30: =SUMPRODUCT(('Raw Data'!$A$2:$A$61=B30)*('Raw Data'!$B$2:$B$61=A30)*('Raw Data'!$F$2:$F$61=A30*'Raw Data'!$D$2:$D$61)*('Raw Data'!$G$2:$G$61='Raw Data'!$F$2:$F$61))&"/"&COUNTIFS('Raw Data'!$A$2:$A$61,$B30,'Raw Data'!$B$2:$B$61,$A30) -> 5/5
A31: 2 | B31: CLH | C31: =A31*MAX('Raw Data'!$D$2:$D$61) -> 2000 | D31: =AVERAGEIFS('Raw Data'!$F$2:$F$61,'Raw Data'!$A$2:$A$61,$B31,'Raw Data'!$B$2:$B$61,$A31) -> 2000 | E31: =AVERAGEIFS('Raw Data'!$G$2:$G$61,'Raw Data'!$A$2:$A$61,$B31,'Raw Data'!$B$2:$B$61,$A31) -> 2000 | F31: =SUMPRODUCT(('Raw Data'!$A$2:$A$61=B31)*('Raw Data'!$B$2:$B$61=A31)*('Raw Data'!$F$2:$F$61=A31*'Raw Data'!$D$2:$D$61)*('Raw Data'!$G$2:$G$61='Raw Data'!$F$2:$F$61))&"/"&COUNTIFS('Raw Data'!$A$2:$A$61,$B31,'Raw Data'!$B$2:$B$61,$A31) -> 5/5
A32: 2 | B32: MCS | C32: =A32*MAX('Raw Data'!$D$2:$D$61) -> 2000 | D32: =AVERAGEIFS('Raw Data'!$F$2:$F$61,'Raw Data'!$A$2:$A$61,$B32,'Raw Data'!$B$2:$B$61,$A32) -> 2000 | E32: =AVERAGEIFS('Raw Data'!$G$2:$G$61,'Raw Data'!$A$2:$A$61,$B32,'Raw Data'!$B$2:$B$61,$A32) -> 2000 | F32: =SUMPRODUCT(('Raw Data'!$A$2:$A$61=B32)*('Raw Data'!$B$2:$B$61=A32)*('Raw Data'!$F$2:$F$61=A32*'Raw Data'!$D$2:$D$61)*('Raw Data'!$G$2:$G$61='Raw Data'!$F$2:$F$61))&"/"&COUNTIFS('Raw Data'!$A$2:$A$61,$B32,'Raw Data'!$B$2:$B$61,$A32) -> 5/5
A33: 4 | B33: TTAS | C33: =A33*MAX('Raw Data'!$D$2:$D$61) -> 4000 | D33: =AVERAGEIFS('Raw Data'!$F$2:$F$61,'Raw Data'!$A$2:$A$61,$B33,'Raw Data'!$B$2:$B$61,$A33) -> 4000 | E33: =AVERAGEIFS('Raw Data'!$G$2:$G$61,'Raw Data'!$A$2:$A$61,$B33,'Raw Data'!$B$2:$B$61,$A33) -> 4000 | F33: =SUMPRODUCT(('Raw Data'!$A$2:$A$61=B33)*('Raw Data'!$B$2:$B$61=A33)*('Raw Data'!$F$2:$F$61=A33*'Raw Data'!$D$2:$D$61)*('Raw Data'!$G$2:$G$61='Raw Data'!$F$2:$F$61))&"/"&COUNTIFS('Raw Data'!$A$2:$A$61,$B33,'Raw Data'!$B$2:$B$61,$A33) -> 5/5
A34: 4 | B34: CLH | C34: =A34*MAX('Raw Data'!$D$2:$D$61) -> 4000 | D34: =AVERAGEIFS('Raw Data'!$F$2:$F$61,'Raw Data'!$A$2:$A$61,$B34,'Raw Data'!$B$2:$B$61,$A34) -> 4000 | E34: =AVERAGEIFS('Raw Data'!$G$2:$G$61,'Raw Data'!$A$2:$A$61,$B34,'Raw Data'!$B$2:$B$61,$A34) -> 4000 | F34: =SUMPRODUCT(('Raw Data'!$A$2:$A$61=B34)*('Raw Data'!$B$2:$B$61=A34)*('Raw Data'!$F$2:$F$61=A34*'Raw Data'!$D$2:$D$61)*('Raw Data'!$G$2:$G$61='Raw Data'!$F$2:$F$61))&"/"&COUNTIFS('Raw Data'!$A$2:$A$61,$B34,'Raw Data'!$B$2:$B$61,$A34) -> 5/5
A35: 4 | B35: MCS | C35: =A35*MAX('Raw Data'!$D$2:$D$61) -> 4000 | D35: =AVERAGEIFS('Raw Data'!$F$2:$F$61,'Raw Data'!$A$2:$A$61,$B35,'Raw Data'!$B$2:$B$61,$A35) -> 4000 | E35: =AVERAGEIFS('Raw Data'!$G$2:$G$61,'Raw Data'!$A$2:$A$61,$B35,'Raw Data'!$B$2:$B$61,$A35) -> 4000 | F35: =SUMPRODUCT(('Raw Data'!$A$2:$A$61=B35)*('Raw Data'!$B$2:$B$61=A35)*('Raw Data'!$F$2:$F$61=A35*'Raw Data'!$D$2:$D$61)*('Raw Data'!$G$2:$G$61='Raw Data'!$F$2:$F$61))&"/"&COUNTIFS('Raw Data'!$A$2:$A$61,$B35,'Raw Data'!$B$2:$B$61,$A35) -> 5/5
A36: 8 | B36: TTAS | C36: =A36*MAX('Raw Data'!$D$2:$D$61) -> 8000 | D36: =AVERAGEIFS('Raw Data'!$F$2:$F$61,'Raw Data'!$A$2:$A$61,$B36,'Raw Data'!$B$2:$B$61,$A36) -> 8000 | E36: =AVERAGEIFS('Raw Data'!$G$2:$G$61,'Raw Data'!$A$2:$A$61,$B36,'Raw Data'!$B$2:$B$61,$A36) -> 8000 | F36: =SUMPRODUCT(('Raw Data'!$A$2:$A$61=B36)*('Raw Data'!$B$2:$B$61=A36)*('Raw Data'!$F$2:$F$61=A36*'Raw Data'!$D$2:$D$61)*('Raw Data'!$G$2:$G$61='Raw Data'!$F$2:$F$61))&"/"&COUNTIFS('Raw Data'!$A$2:$A$61,$B36,'Raw Data'!$B$2:$B$61,$A36) -> 5/5
A37: 8 | B37: CLH | C37: =A37*MAX('Raw Data'!$D$2:$D$61) -> 8000 | D37: =AVERAGEIFS('Raw Data'!$F$2:$F$61,'Raw Data'!$A$2:$A$61,$B37,'Raw Data'!$B$2:$B$61,$A37) -> 8000 | E37: =AVERAGEIFS('Raw Data'!$G$2:$G$61,'Raw Data'!$A$2:$A$61,$B37,'Raw Data'!$B$2:$B$61,$A37) -> 8000 | F37: =SUMPRODUCT(('Raw Data'!$A$2:$A$61=B37)*('Raw Data'!$B$2:$B$61=A37)*('Raw Data'!$F$2:$F$61=A37*'Raw Data'!$D$2:$D$61)*('Raw Data'!$G$2:$G$61='Raw Data'!$F$2:$F$61))&"/"&COUNTIFS('Raw Data'!$A$2:$A$61,$B37,'Raw Data'!$B$2:$B$61,$A37) -> 5/5
A38: 8 | B38: MCS | C38: =A38*MAX('Raw Data'!$D$2:$D$61) -> 8000 | D38: =AVERAGEIFS('Raw Data'!$F$2:$F$61,'Raw Data'!$A$2:$A$61,$B38,'Raw Data'!$B$2:$B$61,$A38) -> 8000 | E38: =AVERAGEIFS('Raw Data'!$G$2:$G$61,'Raw Data'!$A$2:$A$61,$B38,'Raw Data'!$B$2:$B$61,$A38) -> 8000 | F38: =SUMPRODUCT(('Raw Data'!$A$2:$A$61=B38)*('Raw Data'!$B$2:$B$61=A38)*('Raw Data'!$F$2:$F$61=A38*'Raw Data'!$D$2:$D$61)*('Raw Data'!$G$2:$G$61='Raw Data'!$F$2:$F$61))&"/"&COUNTIFS('Raw Data'!$A$2:$A$61,$B38,'Raw Data'!$B$2:$B$61,$A38) -> 5/5
A39: 16 | B39: TTAS | C39: =A39*MAX('Raw Data'!$D$2:$D$61) -> 16000 | D39: =AVERAGEIFS('Raw Data'!$F$2:$F$61,'Raw Data'!$A$2:$A$61,$B39,'Raw Data'!$B$2:$B$61,$A39) -> 16000 | E39: =AVERAGEIFS('Raw Data'!$G$2:$G$61,'Raw Data'!$A$2:$A$61,$B39,'Raw Data'!$B$2:$B$61,$A39) -> 16000 | F39: =SUMPRODUCT(('Raw Data'!$A$2:$A$61=B39)*('Raw Data'!$B$2:$B$61=A39)*('Raw Data'!$F$2:$F$61=A39*'Raw Data'!$D$2:$D$61)*('Raw Data'!$G$2:$G$61='Raw Data'!$F$2:$F$61))&"/"&COUNTIFS('Raw Data'!$A$2:$A$61,$B39,'Raw Data'!$B$2:$B$61,$A39) -> 5/5
A40: 16 | B40: CLH | C40: =A40*MAX('Raw Data'!$D$2:$D$61) -> 16000 | D40: =AVERAGEIFS('Raw Data'!$F$2:$F$61,'Raw Data'!$A$2:$A$61,$B40,'Raw Data'!$B$2:$B$61,$A40) -> 16000 | E40: =AVERAGEIFS('Raw Data'!$G$2:$G$61,'Raw Data'!$A$2:$A$61,$B40,'Raw Data'!$B$2:$B$61,$A40) -> 16000 | F40: =SUMPRODUCT(('Raw Data'!$A$2:$A$61=B40)*('Raw Data'!$B$2:$B$61=A40)*('Raw Data'!$F$2:$F$61=A40*'Raw Data'!$D$2:$D$61)*('Raw Data'!$G$2:$G$61='Raw Data'!$F$2:$F$61))&"/"&COUNTIFS('Raw Data'!$A$2:$A$61,$B40,'Raw Data'!$B$2:$B$61,$A40) -> 5/5
A41: 16 | B41: MCS | C41: =A41*MAX('Raw Data'!$D$2:$D$61) -> 16000 | D41: =AVERAGEIFS('Raw Data'!$F$2:$F$61,'Raw Data'!$A$2:$A$61,$B41,'Raw Data'!$B$2:$B$61,$A41) -> 16000 | E41: =AVERAGEIFS('Raw Data'!$G$2:$G$61,'Raw Data'!$A$2:$A$61,$B41,'Raw Data'!$B$2:$B$61,$A41) -> 16000 | F41: =SUMPRODUCT(('Raw Data'!$A$2:$A$61=B41)*('Raw Data'!$B$2:$B$61=A41)*('Raw Data'!$F$2:$F$61=A41*'Raw Data'!$D$2:$D$61)*('Raw Data'!$G$2:$G$61='Raw Data'!$F$2:$F$61))&"/"&COUNTIFS('Raw Data'!$A$2:$A$61,$B41,'Raw Data'!$B$2:$B$61,$A41) -> 5/5
A43: Table 3 - Bids won by each bidder (whole auction)
A44: Mean over runs. B0..B15 are the bidder ids.
A45: Threads | B45: Lock | C45: B0 | D45: B1 | E45: B2 | F45: B3 | G45: B4 | H45: B5 | I45: B6 | J45: B7 | K45: B8 | L45: B9 | M45: B10 | N45: B11 | O45: B12 | P45: B13 | Q45: B14 | R45: B15
A46: 2 | B46: TTAS | C46: 1000 | D46: 1000
A47: 2 | B47: CLH | C47: 1000 | D47: 1000
A48: 2 | B48: MCS | C48: 1000 | D48: 1000
A49: 4 | B49: TTAS | C49: 1000 | D49: 1000 | E49: 1000 | F49: 1000
A50: 4 | B50: CLH | C50: 1000 | D50: 1000 | E50: 1000 | F50: 1000
A51: 4 | B51: MCS | C51: 1000 | D51: 1000 | E51: 1000 | F51: 1000
A52: 8 | B52: TTAS | C52: 1000 | D52: 1000 | E52: 1000 | F52: 1000 | G52: 1000 | H52: 1000 | I52: 1000 | J52: 1000
A53: 8 | B53: CLH | C53: 1000 | D53: 1000 | E53: 1000 | F53: 1000 | G53: 1000 | H53: 1000 | I53: 1000 | J53: 1000
A54: 8 | B54: MCS | C54: 1000 | D54: 1000 | E54: 1000 | F54: 1000 | G54: 1000 | H54: 1000 | I54: 1000 | J54: 1000
A55: 16 | B55: TTAS | C55: 1000 | D55: 1000 | E55: 1000 | F55: 1000 | G55: 1000 | H55: 1000 | I55: 1000 | J55: 1000 | K55: 1000 | L55: 1000 | M55: 1000 | N55: 1000 | O55: 1000 | P55: 1000 | Q55: 1000 | R55: 1000
A56: 16 | B56: CLH | C56: 1000 | D56: 1000 | E56: 1000 | F56: 1000 | G56: 1000 | H56: 1000 | I56: 1000 | J56: 1000 | K56: 1000 | L56: 1000 | M56: 1000 | N56: 1000 | O56: 1000 | P56: 1000 | Q56: 1000 | R56: 1000
A57: 16 | B57: MCS | C57: 1000 | D57: 1000 | E57: 1000 | F57: 1000 | G57: 1000 | H57: 1000 | I57: 1000 | J57: 1000 | K57: 1000 | L57: 1000 | M57: 1000 | N57: 1000 | O57: 1000 | P57: 1000 | Q57: 1000 | R57: 1000
A59: Table 4 - Additional measurement: time spent waiting to acquire the lock
A60: Per acquisition (nanoTime before lock() to after it returns), all acquisitions of all threads pooled per run. Mean/P99/max averaged over runs; "worst max" is the largest single wait in any run. Units: microseconds.
A61: Threads | B61: Lock | C61: Mean wait | D61: P99 wait | E61: Max wait (mean of runs) | F61: Worst max (any run)
A62: 2 | B62: TTAS | C62: =AVERAGEIFS('Raw Data'!$I$2:$I$61,'Raw Data'!$A$2:$A$61,$B62,'Raw Data'!$B$2:$B$61,$A62)/1000 -> 0.50202 | D62: =AVERAGEIFS('Raw Data'!$J$2:$J$61,'Raw Data'!$A$2:$A$61,$B62,'Raw Data'!$B$2:$B$61,$A62)/1000 -> 0.9758 | E62: =AVERAGEIFS('Raw Data'!$K$2:$K$61,'Raw Data'!$A$2:$A$61,$B62,'Raw Data'!$B$2:$B$61,$A62)/1000 -> 77.5342 | F62: =_xlfn.MAXIFS('Raw Data'!$K$2:$K$61,'Raw Data'!$A$2:$A$61,$B62,'Raw Data'!$B$2:$B$61,$A62)/1000 -> 144.171
A63: 2 | B63: CLH | C63: =AVERAGEIFS('Raw Data'!$I$2:$I$61,'Raw Data'!$A$2:$A$61,$B63,'Raw Data'!$B$2:$B$61,$A63)/1000 -> 1.36724 | D63: =AVERAGEIFS('Raw Data'!$J$2:$J$61,'Raw Data'!$A$2:$A$61,$B63,'Raw Data'!$B$2:$B$61,$A63)/1000 -> 10.0584 | E63: =AVERAGEIFS('Raw Data'!$K$2:$K$61,'Raw Data'!$A$2:$A$61,$B63,'Raw Data'!$B$2:$B$61,$A63)/1000 -> 629.585 | F63: =_xlfn.MAXIFS('Raw Data'!$K$2:$K$61,'Raw Data'!$A$2:$A$61,$B63,'Raw Data'!$B$2:$B$61,$A63)/1000 -> 2245.27
A64: 2 | B64: MCS | C64: =AVERAGEIFS('Raw Data'!$I$2:$I$61,'Raw Data'!$A$2:$A$61,$B64,'Raw Data'!$B$2:$B$61,$A64)/1000 -> 1.0304 | D64: =AVERAGEIFS('Raw Data'!$J$2:$J$61,'Raw Data'!$A$2:$A$61,$B64,'Raw Data'!$B$2:$B$61,$A64)/1000 -> 9.9836 | E64: =AVERAGEIFS('Raw Data'!$K$2:$K$61,'Raw Data'!$A$2:$A$61,$B64,'Raw Data'!$B$2:$B$61,$A64)/1000 -> 338.0508 | F64: =_xlfn.MAXIFS('Raw Data'!$K$2:$K$61,'Raw Data'!$A$2:$A$61,$B64,'Raw Data'!$B$2:$B$61,$A64)/1000 -> 1312.28
A65: 4 | B65: TTAS | C65: =AVERAGEIFS('Raw Data'!$I$2:$I$61,'Raw Data'!$A$2:$A$61,$B65,'Raw Data'!$B$2:$B$61,$A65)/1000 -> 0.45096 | D65: =AVERAGEIFS('Raw Data'!$J$2:$J$61,'Raw Data'!$A$2:$A$61,$B65,'Raw Data'!$B$2:$B$61,$A65)/1000 -> 3.426 | E65: =AVERAGEIFS('Raw Data'!$K$2:$K$61,'Raw Data'!$A$2:$A$61,$B65,'Raw Data'!$B$2:$B$61,$A65)/1000 -> 216.6908 | F65: =_xlfn.MAXIFS('Raw Data'!$K$2:$K$61,'Raw Data'!$A$2:$A$61,$B65,'Raw Data'!$B$2:$B$61,$A65)/1000 -> 806.922
A66: 4 | B66: CLH | C66: =AVERAGEIFS('Raw Data'!$I$2:$I$61,'Raw Data'!$A$2:$A$61,$B66,'Raw Data'!$B$2:$B$61,$A66)/1000 -> 1.17912 | D66: =AVERAGEIFS('Raw Data'!$J$2:$J$61,'Raw Data'!$A$2:$A$61,$B66,'Raw Data'!$B$2:$B$61,$A66)/1000 -> 6.8938 | E66: =AVERAGEIFS('Raw Data'!$K$2:$K$61,'Raw Data'!$A$2:$A$61,$B66,'Raw Data'!$B$2:$B$61,$A66)/1000 -> 504.5834 | F66: =_xlfn.MAXIFS('Raw Data'!$K$2:$K$61,'Raw Data'!$A$2:$A$61,$B66,'Raw Data'!$B$2:$B$61,$A66)/1000 -> 915.583
A67: 4 | B67: MCS | C67: =AVERAGEIFS('Raw Data'!$I$2:$I$61,'Raw Data'!$A$2:$A$61,$B67,'Raw Data'!$B$2:$B$61,$A67)/1000 -> 0.48358 | D67: =AVERAGEIFS('Raw Data'!$J$2:$J$61,'Raw Data'!$A$2:$A$61,$B67,'Raw Data'!$B$2:$B$61,$A67)/1000 -> 0.7972 | E67: =AVERAGEIFS('Raw Data'!$K$2:$K$61,'Raw Data'!$A$2:$A$61,$B67,'Raw Data'!$B$2:$B$61,$A67)/1000 -> 90.69 | F67: =_xlfn.MAXIFS('Raw Data'!$K$2:$K$61,'Raw Data'!$A$2:$A$61,$B67,'Raw Data'!$B$2:$B$61,$A67)/1000 -> 191.864
A68: 8 | B68: TTAS | C68: =AVERAGEIFS('Raw Data'!$I$2:$I$61,'Raw Data'!$A$2:$A$61,$B68,'Raw Data'!$B$2:$B$61,$A68)/1000 -> 0.5563 | D68: =AVERAGEIFS('Raw Data'!$J$2:$J$61,'Raw Data'!$A$2:$A$61,$B68,'Raw Data'!$B$2:$B$61,$A68)/1000 -> 4.8618 | E68: =AVERAGEIFS('Raw Data'!$K$2:$K$61,'Raw Data'!$A$2:$A$61,$B68,'Raw Data'!$B$2:$B$61,$A68)/1000 -> 211.7142 | F68: =_xlfn.MAXIFS('Raw Data'!$K$2:$K$61,'Raw Data'!$A$2:$A$61,$B68,'Raw Data'!$B$2:$B$61,$A68)/1000 -> 508.493
A69: 8 | B69: CLH | C69: =AVERAGEIFS('Raw Data'!$I$2:$I$61,'Raw Data'!$A$2:$A$61,$B69,'Raw Data'!$B$2:$B$61,$A69)/1000 -> 8.3904 | D69: =AVERAGEIFS('Raw Data'!$J$2:$J$61,'Raw Data'!$A$2:$A$61,$B69,'Raw Data'!$B$2:$B$61,$A69)/1000 -> 39.7026 | E69: =AVERAGEIFS('Raw Data'!$K$2:$K$61,'Raw Data'!$A$2:$A$61,$B69,'Raw Data'!$B$2:$B$61,$A69)/1000 -> 2817.7084 | F69: =_xlfn.MAXIFS('Raw Data'!$K$2:$K$61,'Raw Data'!$A$2:$A$61,$B69,'Raw Data'!$B$2:$B$61,$A69)/1000 -> 7171.508
A70: 8 | B70: MCS | C70: =AVERAGEIFS('Raw Data'!$I$2:$I$61,'Raw Data'!$A$2:$A$61,$B70,'Raw Data'!$B$2:$B$61,$A70)/1000 -> 228.56992 | D70: =AVERAGEIFS('Raw Data'!$J$2:$J$61,'Raw Data'!$A$2:$A$61,$B70,'Raw Data'!$B$2:$B$61,$A70)/1000 -> 3002.7248 | E70: =AVERAGEIFS('Raw Data'!$K$2:$K$61,'Raw Data'!$A$2:$A$61,$B70,'Raw Data'!$B$2:$B$61,$A70)/1000 -> 9138.0662 | F70: =_xlfn.MAXIFS('Raw Data'!$K$2:$K$61,'Raw Data'!$A$2:$A$61,$B70,'Raw Data'!$B$2:$B$61,$A70)/1000 -> 45040.571
A71: 16 | B71: TTAS | C71: =AVERAGEIFS('Raw Data'!$I$2:$I$61,'Raw Data'!$A$2:$A$61,$B71,'Raw Data'!$B$2:$B$61,$A71)/1000 -> 2.62374 | D71: =AVERAGEIFS('Raw Data'!$J$2:$J$61,'Raw Data'!$A$2:$A$61,$B71,'Raw Data'!$B$2:$B$61,$A71)/1000 -> 8.8392 | E71: =AVERAGEIFS('Raw Data'!$K$2:$K$61,'Raw Data'!$A$2:$A$61,$B71,'Raw Data'!$B$2:$B$61,$A71)/1000 -> 3976.7406 | F71: =_xlfn.MAXIFS('Raw Data'!$K$2:$K$61,'Raw Data'!$A$2:$A$61,$B71,'Raw Data'!$B$2:$B$61,$A71)/1000 -> 9081.451
A72: 16 | B72: CLH | C72: =AVERAGEIFS('Raw Data'!$I$2:$I$61,'Raw Data'!$A$2:$A$61,$B72,'Raw Data'!$B$2:$B$61,$A72)/1000 -> 8056.0372 | D72: =AVERAGEIFS('Raw Data'!$J$2:$J$61,'Raw Data'!$A$2:$A$61,$B72,'Raw Data'!$B$2:$B$61,$A72)/1000 -> 38581.243 | E72: =AVERAGEIFS('Raw Data'!$K$2:$K$61,'Raw Data'!$A$2:$A$61,$B72,'Raw Data'!$B$2:$B$61,$A72)/1000 -> 123955.02 | F72: =_xlfn.MAXIFS('Raw Data'!$K$2:$K$61,'Raw Data'!$A$2:$A$61,$B72,'Raw Data'!$B$2:$B$61,$A72)/1000 -> 302784.08
A73: 16 | B73: MCS | C73: =AVERAGEIFS('Raw Data'!$I$2:$I$61,'Raw Data'!$A$2:$A$61,$B73,'Raw Data'!$B$2:$B$61,$A73)/1000 -> 104.88312 | D73: =AVERAGEIFS('Raw Data'!$J$2:$J$61,'Raw Data'!$A$2:$A$61,$B73,'Raw Data'!$B$2:$B$61,$A73)/1000 -> 1655.6496 | E73: =AVERAGEIFS('Raw Data'!$K$2:$K$61,'Raw Data'!$A$2:$A$61,$B73,'Raw Data'!$B$2:$B$61,$A73)/1000 -> 7373.013 | F73: =_xlfn.MAXIFS('Raw Data'!$K$2:$K$61,'Raw Data'!$A$2:$A$61,$B73,'Raw Data'!$B$2:$B$61,$A73)/1000 -> 27268.558
A75: Table 5 - Fairness (distribution of access to the auction)
A76: Whole-auction wins are fixed, so fairness is taken over the first half (bids 1 .. threads x iterations / 2) while all threads still compete. Fair share = iterations/2. Jain = (sum x)^2 / (n sum x^2); 1.0 = perfectly even.
A77: Threads | B77: Lock | C77: Fair share | D77: Min bidder | E77: Max bidder | F77: Jain index | G77: Finish-time spread (ms)
A78: 2 | B78: TTAS | C78: =MAX('Raw Data'!$D$2:$D$61)/2 -> 500 | D78: 374.8 | E78: 625.2 | F78: =AVERAGEIFS('Raw Data'!$M$2:$M$61,'Raw Data'!$A$2:$A$61,$B78,'Raw Data'!$B$2:$B$61,$A78) -> 0.93568 | G78: =AVERAGEIFS('Raw Data'!$L$2:$L$61,'Raw Data'!$A$2:$A$61,$B78,'Raw Data'!$B$2:$B$61,$A78)/1000000 -> 0.2739498
A79: 2 | B79: CLH | C79: =MAX('Raw Data'!$D$2:$D$61)/2 -> 500 | D79: 455.8 | E79: 544.2 | F79: =AVERAGEIFS('Raw Data'!$M$2:$M$61,'Raw Data'!$A$2:$A$61,$B79,'Raw Data'!$B$2:$B$61,$A79) -> 0.98818 | G79: =AVERAGEIFS('Raw Data'!$L$2:$L$61,'Raw Data'!$A$2:$A$61,$B79,'Raw Data'!$B$2:$B$61,$A79)/1000000 -> 0.0842292
A80: 2 | B80: MCS | C80: =MAX('Raw Data'!$D$2:$D$61)/2 -> 500 | D80: 446 | E80: 554 | F80: =AVERAGEIFS('Raw Data'!$M$2:$M$61,'Raw Data'!$A$2:$A$61,$B80,'Raw Data'!$B$2:$B$61,$A80) -> 0.98068 | G80: =AVERAGEIFS('Raw Data'!$L$2:$L$61,'Raw Data'!$A$2:$A$61,$B80,'Raw Data'!$B$2:$B$61,$A80)/1000000 -> 0.3703486
A81: 4 | B81: TTAS | C81: =MAX('Raw Data'!$D$2:$D$61)/2 -> 500 | D81: 106.6 | E81: 893.8 | F81: =AVERAGEIFS('Raw Data'!$M$2:$M$61,'Raw Data'!$A$2:$A$61,$B81,'Raw Data'!$B$2:$B$61,$A81) -> 0.69388 | G81: =AVERAGEIFS('Raw Data'!$L$2:$L$61,'Raw Data'!$A$2:$A$61,$B81,'Raw Data'!$B$2:$B$61,$A81)/1000000 -> 0.4616828
A82: 4 | B82: CLH | C82: =MAX('Raw Data'!$D$2:$D$61)/2 -> 500 | D82: 210 | E82: 815.4 | F82: =AVERAGEIFS('Raw Data'!$M$2:$M$61,'Raw Data'!$A$2:$A$61,$B82,'Raw Data'!$B$2:$B$61,$A82) -> 0.79116 | G82: =AVERAGEIFS('Raw Data'!$L$2:$L$61,'Raw Data'!$A$2:$A$61,$B82,'Raw Data'!$B$2:$B$61,$A82)/1000000 -> 0.5892204
A83: 4 | B83: MCS | C83: =MAX('Raw Data'!$D$2:$D$61)/2 -> 500 | D83: 224 | E83: 885.6 | F83: =AVERAGEIFS('Raw Data'!$M$2:$M$61,'Raw Data'!$A$2:$A$61,$B83,'Raw Data'!$B$2:$B$61,$A83) -> 0.75582 | G83: =AVERAGEIFS('Raw Data'!$L$2:$L$61,'Raw Data'!$A$2:$A$61,$B83,'Raw Data'!$B$2:$B$61,$A83)/1000000 -> 0.602636
A84: 8 | B84: TTAS | C84: =MAX('Raw Data'!$D$2:$D$61)/2 -> 500 | D84: 28.4 | E84: 1000 | F84: =AVERAGEIFS('Raw Data'!$M$2:$M$61,'Raw Data'!$A$2:$A$61,$B84,'Raw Data'!$B$2:$B$61,$A84) -> 0.56084 | G84: =AVERAGEIFS('Raw Data'!$L$2:$L$61,'Raw Data'!$A$2:$A$61,$B84,'Raw Data'!$B$2:$B$61,$A84)/1000000 -> 1.7200704
A85: 8 | B85: CLH | C85: =MAX('Raw Data'!$D$2:$D$61)/2 -> 500 | D85: 69.2 | E85: 1000 | F85: =AVERAGEIFS('Raw Data'!$M$2:$M$61,'Raw Data'!$A$2:$A$61,$B85,'Raw Data'!$B$2:$B$61,$A85) -> 0.69362 | G85: =AVERAGEIFS('Raw Data'!$L$2:$L$61,'Raw Data'!$A$2:$A$61,$B85,'Raw Data'!$B$2:$B$61,$A85)/1000000 -> 9.2079098
A86: 8 | B86: MCS | C86: =MAX('Raw Data'!$D$2:$D$61)/2 -> 500 | D86: 177.6 | E86: 952 | F86: =AVERAGEIFS('Raw Data'!$M$2:$M$61,'Raw Data'!$A$2:$A$61,$B86,'Raw Data'!$B$2:$B$61,$A86) -> 0.77256 | G86: =AVERAGEIFS('Raw Data'!$L$2:$L$61,'Raw Data'!$A$2:$A$61,$B86,'Raw Data'!$B$2:$B$61,$A86)/1000000 -> 1.3287796
A87: 16 | B87: TTAS | C87: =MAX('Raw Data'!$D$2:$D$61)/2 -> 500 | D87: 0 | E87: 1000 | F87: =AVERAGEIFS('Raw Data'!$M$2:$M$61,'Raw Data'!$A$2:$A$61,$B87,'Raw Data'!$B$2:$B$61,$A87) -> 0.56856 | G87: =AVERAGEIFS('Raw Data'!$L$2:$L$61,'Raw Data'!$A$2:$A$61,$B87,'Raw Data'!$B$2:$B$61,$A87)/1000000 -> 6.9907544
A88: 16 | B88: CLH | C88: =MAX('Raw Data'!$D$2:$D$61)/2 -> 500 | D88: 130.8 | E88: 1000 | F88: =AVERAGEIFS('Raw Data'!$M$2:$M$61,'Raw Data'!$A$2:$A$61,$B88,'Raw Data'!$B$2:$B$61,$A88) -> 0.62342 | G88: =AVERAGEIFS('Raw Data'!$L$2:$L$61,'Raw Data'!$A$2:$A$61,$B88,'Raw Data'!$B$2:$B$61,$A88)/1000000 -> 10473.904
A89: 16 | B89: MCS | C89: =MAX('Raw Data'!$D$2:$D$61)/2 -> 500 | D89: 0 | E89: 1000 | F89: =AVERAGEIFS('Raw Data'!$M$2:$M$61,'Raw Data'!$A$2:$A$61,$B89,'Raw Data'!$B$2:$B$61,$A89) -> 0.54862 | G89: =AVERAGEIFS('Raw Data'!$L$2:$L$61,'Raw Data'!$A$2:$A$61,$B89,'Raw Data'!$B$2:$B$61,$A89)/1000000 -> 174.24262
A91: Table 5b - Bids won per bidder in the first half of the auction
A92: Mean over runs.
A93: Threads | B93: Lock | C93: B0 | D93: B1 | E93: B2 | F93: B3 | G93: B4 | H93: B5 | I93: B6 | J93: B7 | K93: B8 | L93: B9 | M93: B10 | N93: B11 | O93: B12 | P93: B13 | Q93: B14 | R93: B15
A94: 2 | B94: TTAS | C94: 625.2 | D94: 374.8
A95: 2 | B95: CLH | C95: 537.8 | D95: 462.2
A96: 2 | B96: MCS | C96: 485.2 | D96: 514.8
A97: 4 | B97: TTAS | C97: 622.2 | D97: 759 | E97: 322.2 | F97: 296.6
A98: 4 | B98: CLH | C98: 797.8 | D98: 629 | E98: 363.2 | F98: 210
A99: 4 | B99: MCS | C99: 843.6 | D99: 615.2 | E99: 317.2 | F99: 224
A100: 8 | B100: TTAS | C100: 1000 | D100: 997.8 | E100: 721.6 | F100: 728.8 | G100: 290.6 | H100: 98.4 | I100: 117 | J100: 45.8
A101: 8 | B101: CLH | C101: 1000 | D101: 711.4 | E101: 736.6 | F101: 669 | G101: 339.6 | H101: 208.8 | I101: 252.8 | J101: 81.8
A102: 8 | B102: MCS | C102: 952 | D102: 765.6 | E102: 664 | F102: 532.2 | G102: 354.8 | H102: 291 | I102: 196.8 | J102: 243.6
A103: 16 | B103: TTAS | C103: 1000 | D103: 1000 | E103: 815.2 | F103: 667.8 | G103: 859.4 | H103: 988 | I103: 979.6 | J103: 686 | K103: 326 | L103: 214 | M103: 195.8 | N103: 44.2 | O103: 20.8 | P103: 9 | Q103: 0 | R103: 194.2
A104: 16 | B104: CLH | C104: 1000 | D104: 996.2 | E104: 710.4 | F104: 869 | G104: 910.4 | H104: 772 | I104: 553.8 | J104: 697.6 | K104: 371 | L104: 331.8 | M104: 131.8 | N104: 131.6 | O104: 131.4 | P104: 131.2 | Q104: 131 | R104: 130.8
A105: 16 | B105: MCS | C105: 1000 | D105: 1000 | E105: 995 | F105: 999.8 | G105: 790.4 | H105: 891.6 | I105: 843 | J105: 834.4 | K105: 561.2 | L105: 69 | M105: 15.6 | N105: 0 | O105: 0 | P105: 0 | Q105: 0 | R105: 0
A107: Min/max bidder (Table 5), std dev (Table 1) and per-bidder means (Tables 3, 5b) are computed from the Raw Data sheet values; all other averages are live formulas on it.

Sheet Raw Data
A1: lock | B1: threads | C1: run | D1: iterations | E1: exec_ns | F1: total_bids | G1: final_highest_bid | H1: final_highest_bidder | I1: mean_wait_ns | J1: p99_wait_ns | K1: max_wait_ns | L1: finish_spread_ns | M1: jain_first_half | N1: bids_won_per_bidder | O1: bids_won_first_half_per_bidder
A2: TTAS | B2: 2 | C2: 1 | D2: 1000 | E2: 2304858 | F2: 2000 | G2: 2000 | H2: 1 | I2: 870.4 | J2: 1574 | K2: 55054 | L2: 189628 | M2: 0.9593 | N2: 1000;1000 | O2: 603;397
A3: TTAS | B3: 2 | C3: 2 | D3: 1000 | E3: 2096061 | F3: 2000 | G3: 2000 | H3: 1 | I3: 730.4 | J3: 1468 | K3: 144171 | L3: 583824 | M3: 0.9273 | N3: 1000;1000 | O3: 640;360
A4: TTAS | B4: 2 | C4: 3 | D4: 1000 | E4: 1182385 | F4: 2000 | G4: 2000 | H4: 1 | I4: 483.6 | J4: 830 | K4: 6774 | L4: 176436 | M4: 0.9889 | N4: 1000;1000 | O4: 553;447
A5: TTAS | B5: 2 | C5: 4 | D5: 1000 | E5: 803951 | F5: 2000 | G5: 2000 | H5: 1 | I5: 243.6 | J5: 765 | K5: 125454 | L5: 247599 | M5: 0.8875 | N5: 1000;1000 | O5: 678;322
A6: TTAS | B6: 2 | C6: 5 | D6: 1000 | E6: 565530 | F6: 2000 | G6: 2000 | H6: 1 | I6: 182.1 | J6: 242 | K6: 56218 | L6: 172262 | M6: 0.9154 | N6: 1000;1000 | O6: 652;348
A7: TTAS | B7: 4 | C7: 1 | D7: 1000 | E7: 1667709 | F7: 4000 | G7: 4000 | H7: 3 | I7: 841 | J7: 7733 | K7: 104807 | L7: 572257 | M7: 0.7681 | N7: 1000;1000;1000;1000 | O7: 734;812;247;207
A8: TTAS | B8: 4 | C8: 2 | D8: 1000 | E8: 1039607 | F8: 4000 | G8: 4000 | H8: 0 | I8: 537.2 | J8: 1673 | K8: 806922 | L8: 236399 | M8: 0.8884 | N8: 1000;1000;1000;1000 | O8: 205;522;657;616
A9: TTAS | B9: 4 | C9: 3 | D9: 1000 | E9: 784296 | F9: 4000 | G9: 4000 | H9: 2 | I9: 237.2 | J9: 2002 | K9: 30675 | L9: 277567 | M9: 0.6653 | N9: 1000;1000;1000;1000 | O9: 1000;461;0;539
A10: TTAS | B10: 4 | C10: 4 | D10: 1000 | E10: 868348 | F10: 4000 | G10: 4000 | H10: 2 | I10: 121.1 | J10: 466 | K10: 89602 | L10: 714493 | M10: 0.5 | N10: 1000;1000;1000;1000 | O10: 1000;1000;0;0
A11: TTAS | B11: 4 | C11: 5 | D11: 1000 | E11: 1102736 | F11: 4000 | G11: 4000 | H11: 3 | I11: 518.3 | J11: 5256 | K11: 51448 | L11: 507698 | M11: 0.6476 | N11: 1000;1000;1000;1000 | O11: 172;1000;707;121
A12: TTAS | B12: 8 | C12: 1 | D12: 1000 | E12: 1856587 | F12: 8000 | G12: 8000 | H12: 6 | I12: 292.6 | J12: 2323 | K12: 107383 | L12: 1562320 | M12: 0.5365 | N12: 1000;1000;1000;1000;1000;1000;1000;1000 | O12: 1000;1000;1000;844;121;35;0;0
A13: TTAS | B13: 8 | C13: 2 | D13: 1000 | E13: 2251984 | F13: 8000 | G13: 8000 | H13: 7 | I13: 1120.1 | J13: 10939 | K13: 313200 | L13: 1823952 | M13: 0.6541 | N13: 1000;1000;1000;1000;1000;1000;1000;1000 | O13: 1000;1000;235;800;161;145;551;108
... A61: MCS | B61: 16 | C61: 5 | D61: 1000 | E61: 6412667 | F61: 16000 | G61: 16000 | H61: 11 | I61: 1082.9 | J61: 1409 | K61: 4290505 | L61: 6029461 | M61: 0.5227 | N61: 1000;1000;1000;1000;1000;1000;1000;1000;1000;1000;1000;1000;1000;1000;1000;1000 | O61: 1000;1000;1000;1000;1000;989;914;893;204;0;0;0;0;0;0;0
